"","period","coherence_z","coherence_pvalue","turnover_z","turnover_pvalue","boundary_index","boundary_P","pattern"
"1",1,-0.672029199779378,0.501565107357454,2.7273956903501,0.0063836437197616,1.65448504983389,4.75450342274364e-06,"random"
"2",2,-0.484007023693328,0.628380884446619,1.20103187606531,0.229738836643149,1.421926910299,0.000120301029852721,"random"
"3",3,-0.470155508157794,0.638243918721165,1.08471151018435,0.278049448352194,1.58704453441296,1.33141514445656e-05,"random"
"4",4,0.555099668139979,0.57882648976516,3.65470464681994,0.000257478215902153,3.59280303030303,0,"random"
"5",5,1.59615420524022,0.110454369062972,0.889622704681821,0.373668510621039,1.64307692307692,0.000783394601178933,"random"
"6",6,0.225411100633584,0.821659476787218,0.851847204761331,0.394298902647312,1.23684210526316,0.0748872280222461,"random"
"7",7,0.399234419709683,0.689720483794121,1.0206212299291,0.307433927159063,1.17647058823529,0.156235627577722,"random"
"8",8,1.09437426015856,0.273790868187466,2.43062595988242,0.0150727658853952,1.91397849462366,2.51386441407764e-06,"random"
"9",9,1.84933525707517,0.0644094177508797,2.57665571266902,0.00997612609476753,2.46551724137931,1.84173420958444e-08,"random"
"10",10,-0.307046468660082,0.758808002534616,1.66235529578989,0.0964415567352211,2.11822660098522,4.01102446367929e-07,"random"
"11",11,0.53019250277115,0.59597846860498,2.32611136004932,0.0200126106779192,1.64705882352941,0.00928324433611061,"random"
"12",12,1.05096522410327,0.293274562058504,1.09420397185806,0.273865529884158,1.38947368421053,0.0296994592035202,"random"
"13",13,-0.404021582015374,0.686196848762082,1.32303571707131,0.185823500290552,2.30526315789474,1.61474219499969e-05,"random"
"14",14,2.27519217231901,0.0228944042395,0.694530462141378,0.487349604077621,2.18412698412698,2.91473694069566e-08,"unknown"
"15",15,-0.092209019295763,0.926531972214974,0.789683604585808,0.429712568732419,2.05333333333333,2.24117929189527e-05,"random"
"16",16,0.445234188862874,0.656150521892783,0.959025009852753,0.337546146079889,1.66532258064516,0.000170204344188907,"random"
"17",17,0.0633730063105233,0.949469481876482,1.22641044590749,0.220044257036828,1.41609195402299,0.00606773374469527,"random"
"18",18,0.925701904144425,0.354600918050703,0.965317905898273,0.33438560590931,1.6871921182266,0.000113313510490487,"random"
"19",19,0.0107228709020919,0.991444550810921,1.2912453203884,0.196618624491828,1.97894736842105,7.90046165868308e-05,"random"
"20",20,-1.2648992334323,0.205907452196046,1.37541520708924,0.169002757061303,1.60483870967742,7.35293331605158e-05,"random"
"21",21,NA,NA,1.97665978429589,0.0480800994865599,1.44565217391304,0.00218749111818284,"random"
"22",22,0.881630152236743,0.37797684404016,0.730373805167462,0.465161725568855,1.86324786324786,4.67276466564748e-05,"random"
"23",23,1.18988941881327,0.234089857845895,1.24148162896851,0.214427880589333,1.70634920634921,0.00012253270642093,"random"
"24",24,2.12627657508822,0.0334802373338434,1.21809033615503,0.223189645841723,2.20161290322581,1.04082231278113e-07,"unknown"
"25",25,1.11315917740589,0.265640071741786,0.412741872282628,0.679795743231082,2.41379310344828,1.87113348149026e-08,"random"
"26",26,-0.488806714508317,0.624978543883436,1.93210723295795,0.0533462717799376,2.11462450592885,9.77602539664613e-06,"random"
"27",27,0.44162710408833,0.658759067290624,0.438786204563488,0.660816457236941,1.25042016806723,0.0190076627306333,"random"
"28",28,2.56760007915657,0.0102405224201241,0.18199379789758,0.855587593182337,1.4984126984127,0.000951449832703677,"unknown"
"29",29,0.0655915589863822,0.947703009595505,-0.847672583376541,0.396620339146345,1.41871921182266,0.0114316655923707,"random"
"30",30,1.6118292510955,0.10699910104272,0.223922549571256,0.822817569193316,1.06842105263158,0.293992155398696,"random"
"31",31,2.1269019028092,0.0334282347360438,-1.95815988255715,0.050211254894046,1.38502673796791,0.00469029168665347,"nested_subsets"
"32",32,1.75492314455799,0.0792724547091289,0.35154081811822,0.725182655602681,1.35772357723577,0.00210544438423121,"random"
"33",33,-0.32873050858647,0.742359392244818,0.794660692224903,0.426810903427926,2.62121212121212,2.5265900482907e-10,"random"
"34",34,0.0501276580044921,0.960020659538243,0.753976204163953,0.450863510461882,1.69354838709677,0.000116680028846572,"random"
"35",35,1.59755947364338,0.110141051739542,0.818864288401606,0.412863846796813,1.73440285204991,3.54593824718474e-05,"random"
"36",36,-1.70925378900121,0.0874039491550701,1.0165397263887,0.309372439827883,1.23529411764706,0.124652019483081,"random"
"37",37,1.10580054372031,0.268812859634716,0.191405453002106,0.848207948170327,2.06769230769231,6.8356673389447e-06,"random"
"38",38,1.67912034441681,0.093128592014793,0.968619101639412,0.332735269217311,1.73588709677419,6.60138264440002e-05,"random"
"39",39,-0.394383994414203,0.693297558835519,1.09454972536602,0.273713951266108,1.89579831932773,3.84210330839352e-06,"random"
"40",40,1.62413055373122,0.104347948339469,0.241793221613154,0.808940391467451,1.12258064516129,0.122643484056231,"random"
"41",41,0.662277626077414,0.507793313095662,-1.1811062711439,0.237560508997471,1.66233766233766,0.00199853179763576,"random"
"42",42,0.271080192002106,0.786329355877345,1.03789034050188,0.299321111116167,1.59714795008913,0.000376435007053311,"random"
"43",43,0.550554033512445,0.581939426710343,-1.06839361622649,0.285342995426268,1.77204301075269,8.8703730093842e-05,"random"
"44",44,-0.630157320178782,0.528591660095498,1.79354008567263,0.0728866069718154,1.67179487179487,2.42988642044084e-05,"random"
"45",45,1.08738287016554,0.276867638365774,1.2932409678484,0.195927730496215,2.21707317073171,2.07633721327483e-09,"random"
"46",46,-0.148178270438709,0.88220208017283,-0.197688224108202,0.843289003690932,1.41,0.0224585442109333,"random"
"47",47,0.988682834259812,0.322818343971811,1.12491460685996,0.260625221635924,1.03896103896104,0.324314597363597,"random"
"48",48,-1.12577780313796,0.260259581828118,-0.979781630166073,0.327193921684105,1.02857142857143,0.350177034801132,"random"
"49",49,NA,NA,0.624907671415452,0.532031657121203,1.20197044334975,0.0342448876930423,"random"
"50",50,1.40146371791693,0.161075449870265,-0.522050672845123,0.601635049619481,1.27016129032258,0.0201069273323191,"random"
"51",51,1.43328068951711,0.151777638233282,-0.252366033269293,0.800758152129826,1.37142857142857,0.00643039059721107,"random"
"52",52,-1.72853206933487,0.0838928766273993,-0.0785622810603692,0.937380790123837,1.82153846153846,0.000266511103302225,"random"
"53",53,0.768439634117072,0.442226041246961,-0.315320169458394,0.75251857252576,1.84,0.000311886171377451,"random"
"54",54,0.615188168347061,0.538430460529982,-2.59613155894688,0.00942799588524161,1.24242424242424,0.0392355736661296,"random"
"55",55,2.27927696412615,0.0226506064966308,-0.225619763045574,0.821497168467748,1.18758434547908,0.0489475223639444,"unknown"
"56",56,1.64852204210286,0.0992455913451104,-2.97726835556095,0.00290829325045511,1.41176470588235,0.00573857693407009,"random"
"57",57,1.57416309666225,0.115449748487045,-2.45698536660473,0.0140108393666029,1.58620689655172,0.0020429896562939,"random"
"58",58,-2.22891428368133,0.0258196085522797,1.10155472109884,0.2706553023245,1.9,0.00034661373236633,"checkerboard"
"59",59,2.38747933811089,0.0169643563161809,-2.1000146079084,0.035727556128661,1.53846153846154,0.000438721770979478,"nested_subsets"
"60",60,0.898918671672821,0.36869598172165,-2.10506972277526,0.0352852393294499,1.68387096774194,0.000385434258700412,"random"
"61",61,1.30788187045902,0.190913379598496,-1.17197348283993,0.241207702578137,3.06,1.47762135860319e-09,"random"
"62",62,2.62842326537229,0.00857817064227853,-0.734126059188966,0.46287191263607,1.08064516129032,0.218721851123157,"unknown"
"63",63,1.23728944126145,0.215979646393572,-1.35804440607256,0.174449594052401,1.5,0.0103360506759257,"random"
"64",64,0.960382529330961,0.336862727601037,-0.425470284408676,0.670493879324733,1.2952380952381,0.074463129970511,"random"
"65",65,1.19273617947586,0.232972711604984,0.596984607360559,0.550517657502493,2.54358974358974,5.42632605515792e-12,"random"
"66",66,0.936760096957644,0.348881975229917,0.885137429913058,0.376082514029998,1.76551724137931,0.000133026358748789,"random"
"67",67,1.17446279793132,0.240209704620344,-0.360682813671967,0.718336573810472,2.04836415362731,1.68180412485341e-07,"random"
"68",68,1.17420028684092,0.240314811180379,-0.352087578514141,0.724772583626981,1.42769230769231,0.013438125219252,"random"
"69",69,1.81918672303701,0.0688829477241253,0.0718885436256808,0.942690607322404,2.17241379310345,2.24518320346423e-06,"random"
"70",70,-1.69615009050421,0.0898574595306401,-1.2571134984072,0.208712539959819,2.71596638655462,1.28316246517102e-11,"random"
"71",71,2.08096540917796,0.0374370723221119,-0.13780858173348,0.890391701834131,1.69230769230769,0.00105029973111048,"unknown"
"72",72,2.73277712453436,0.00628028137419664,-0.891261368754374,0.372788968273343,1.55172413793103,0.00229179120779144,"unknown"
"73",73,1.34992945589902,0.177038612147591,1.07252140956809,0.283485902965013,1.52857142857143,0.000862097516732163,"random"
"74",74,1.53052409785081,0.125887053308323,-0.336596808432913,0.736420862457745,2.28571428571429,1.72246269968257e-05,"random"
"75",75,3.44308107078056,0.000575126878498768,-1.65036351274734,0.0988686091542866,1.43939393939394,0.00368147821767206,"unknown"
"76",76,3.63095330977328,0.000282376270167678,-0.837484397833474,0.402320343309987,1.76341463414634,1.17566621649079e-06,"unknown"
"77",77,0.789802671664987,0.4296430185487,1.11064214411915,0.266722414714878,2.2405303030303,3.40160297707115e-08,"random"
"78",78,-2.562540120318,0.0103909581454818,0.723349424951892,0.469465234669015,1.28571428571429,0.0817654162447217,"checkerboard"
"79",79,1.44633909702181,0.148082114865394,0.558827901516028,0.576279178454873,1.92338709677419,1.34879334696691e-05,"random"
"80",80,-0.617821919871001,0.536692732555419,0.749347209957884,0.453647960019413,1.49411764705882,0.000866306617119728,"random"
"81",81,0.882709731341333,0.377393122963852,-0.433017541693488,0.665002026076435,2.46305418719212,3.61630251299871e-08,"random"
"82",82,0.200485581012761,0.84110083376208,1.63511248893438,0.102025468562177,1.61140819964349,0.000309762071390995,"random"
"83",83,0.330836135702189,0.740768264078966,0.304035894662112,0.761100544787038,1.68461538461538,3.03206969113345e-05,"random"
"84",84,0.301889654200111,0.76273618278472,0.590091251003986,0.555129474071809,1.93613445378151,2.10728188798637e-06,"random"
"85",85,1.14407298509321,0.252593370117147,1.04071023968521,0.298010049423837,1.96666666666667,4.91188339779569e-07,"random"
"86",86,0.74012650952629,0.45922323465371,-1.15207306577189,0.249291050003574,2.14285714285714,1.01439679101034e-06,"random"
"87",87,2.13548568447723,0.0327213583005874,2.00704248318976,0.0447451396457511,1.28460686600221,0.00833429855076151,"evenly_spaced_gradients"
"88",88,1.53338099121878,0.125182009539372,1.11645931039541,0.264225577982341,1.38888888888889,0.00324690248373061,"random"
"89",89,0.839587329253216,0.401139806001586,-0.466627139701953,0.640766666249359,1.75369458128079,0.000210600257071314,"random"
"90",90,-2.04865074657544,0.0404962786272112,1.54539741846155,0.122250164366512,3.41880341880342,2.81663581347402e-13,"checkerboard"
"91",91,1.72088434770537,0.085271812416641,0.266014858078552,0.790227766088891,2.48275862068966,2.82067904588956e-08,"random"
"92",92,1.49111022083657,0.135932559329473,1.55301226327009,0.120420204900503,1.6,0.000439411909922027,"random"
"93",93,1.04008683199964,0.298299560856627,0.809605538754925,0.418166923745739,1.21997300944669,0.0316635169232196,"random"
"94",94,0.775333389191272,0.438142684453548,0.951594878873947,0.341302479729099,2.10793650793651,9.65693907062359e-08,"random"
"95",95,-0.275109543046833,0.783232080080611,-0.525230467045329,0.599422987655065,2.08,2.74005542980627e-05,"random"
"96",96,3.30526920076843,0.000948852160251031,-0.403467494050386,0.686604343193095,1.5114709851552,0.000420856255678448,"unknown"
"97",97,3.31883981639419,0.000903922654097868,-0.813048146898452,0.416190454149484,1.45230769230769,0.0106562566724137,"unknown"
"98",98,1.10377718019436,0.269689806135264,0.845336770325559,0.397922836588926,1.48484848484848,0.00206946429090382,"random"
"99",99,1.0559513458301,0.290990443998416,-1.66098045571344,0.0967173720291267,1.48148148148148,0.00556968307294559,"random"
"100",100,1.5551140602592,0.119918906908163,0.327083720094517,0.743604564691173,1.91180654338549,9.09428878093088e-07,"random"
"101",101,1.77578286605746,0.0757687128492711,-0.61445929463424,0.538911863650136,1.58748221906117,0.000235252909263739,"random"
"102",102,-0.812349414903587,0.416591163455877,1.75225323233748,0.0797302739204123,2.26190476190476,1.08317631863919e-07,"random"
"103",103,0.455050064862309,0.649073221363383,0.417840053912219,0.676064063762187,1.67045454545455,7.28285520193994e-05,"random"
"104",104,-0.217428411926316,0.827874491259749,1.59406237181889,0.110922065711273,2.32380952380952,2.15802331897663e-05,"random"
"105",105,1.06988860183373,0.284669454228472,-1.33534545441079,0.181763308203719,1.5,0.0233787681035639,"random"
"106",106,0.915263366729708,0.360053385729012,-2.19712034964873,0.0280118521314635,1.53561253561254,0.00285472719892221,"random"
"107",107,2.17932370992277,0.0293076290772377,-1.79393355083196,0.072823775549821,1.94117647058824,1.1233606856953e-06,"unknown"
"108",108,2.02962623512063,0.0423945460801473,-3.93117973317046,8.45300467729681e-05,1.54736842105263,0.00878318749696849,"nested_subsets"
"109",109,0.153871482836779,0.877711069687436,-2.71959832089114,0.00653612603773519,1.56190476190476,0.0109407227749566,"random"
"110",110,1.20530540244162,0.22808542480053,-2.24193567479382,0.0249655299570114,1.1008064516129,0.166669243078334,"random"
"111",111,3.56181514016546,0.000368299679819867,-2.92947487782827,0.00339535257989643,1.95365418894831,2.46564989991871e-06,"nested_subsets"
"112",112,1.21227330561282,0.225407778741617,-4.10138029770853,4.10692945271631e-05,1.1005291005291,0.205351021894437,"random"
"113",113,0.401111924346815,0.68833772197875,-1.52872746910944,0.126332019619959,1.42105263157895,0.042380111991684,"random"
"114",114,0.860692571395544,0.389407385576886,-2.4516685765202,0.014219556343246,1.16500711237553,0.0790626942185633,"random"
"115",115,1.31599334352783,0.188176276850087,1.18944912906898,0.234262977877805,2.6951871657754,3.89426269009618e-11,"random"
"116",116,1.75669774035919,0.0789693429061796,-1.0877200312676,0.27671872191241,1.72043010752688,0.00034485719086319,"random"
"117",117,2.15288968287578,0.0313273495196342,2.88272256288629,0.00394254511557305,3.26132404181185,0,"evenly_spaced_gradients"
"118",118,0.354370331169613,0.72306136608528,1.66353894615913,0.0962046016374219,2.33333333333333,1.67930322980681e-08,"random"
"119",119,1.50284851008055,0.13287811329643,-1.87167176510824,0.0612520280912562,1.51066856330014,0.000737188553961987,"random"
"120",120,1.35872463808514,0.174233861740216,-2.09112214702866,0.0365171158802279,1.87044534412955,4.81798222329299e-06,"random"
"121",121,1.21349024374908,0.22494244222502,-3.49018394679433,0.000482688180227006,1.52325581395349,0.000330396880350525,"random"
"122",122,1.71111452942636,0.0870599725105101,-1.13665395517215,0.255682975035458,1.27741935483871,0.0379889444797396,"random"
"123",123,1.6522629037645,0.0984809680790942,-3.33836283442072,0.000842736263863089,2.22222222222222,4.97941493593501e-08,"random"
"124",124,-0.683766350727442,0.494122717950076,-2.33801647483139,0.0193863935244203,1.43346774193548,0.00607171906713877,"random"
"125",125,0.590246673627698,0.55502528503032,-2.41515613400987,0.0157284658979067,1.01351351351351,0.387445898190703,"random"
"126",126,0.00239022402907196,0.998092878966295,1.52807017474464,0.126495115647596,1.4651493598862,0.00188703698434478,"random"
"127",127,1.64897640906843,0.0991524678214308,-0.333694051876139,0.73861043848093,1.41528239202658,0.00130787554405498,"random"
"128",128,1.74589661199578,0.0808289187156803,1.1512136505752,0.249644350726042,1.56410256410256,0.000296031887362158,"random"
"129",129,1.21944539852442,0.22267518785752,1.55151353430542,0.12077866644869,2.02787456445993,3.83637920320368e-08,"random"
"130",130,-0.142314058338231,0.886831942600624,0.462426438362496,0.643775543488233,1.58522727272727,0.000787855928153003,"random"
"131",131,2.02769131321768,0.042591762788546,-1.68821722568432,0.0913695377384476,2.77142857142857,4.91440221850326e-12,"unknown"
"132",132,0.506977704816602,0.612170462148085,0.350583375780723,0.725900930106454,2.14793741109531,5.68359713737365e-08,"random"
"133",133,-0.994725081862327,0.319869992136427,-1.05279624220843,0.292434387602002,1.8816067653277,4.08067640345067e-07,"random"
"134",134,2.87013383360369,0.00410298098227694,-0.58743617293912,0.556910805643115,2.21483942414175,1.32691491128156e-09,"unknown"
"135",135,-0.0440298187399344,0.964880634991708,1.51973031041196,0.12857877041985,2.12624584717608,6.87170620405908e-09,"random"
"136",136,0.548198783056669,0.583555417627405,-0.908395008969863,0.363669561731582,2.17171717171717,1.04763575592415e-09,"random"
"137",137,0.216938368465726,0.828256375836401,1.43241029034858,0.152026435282917,1.74390243902439,1.27474952590356e-05,"random"
"138",138,0.256242538007586,0.797763564206632,-1.41359177852577,0.15748179661217,1.59090909090909,0.000522856397704663,"random"
"139",139,0.43194581466894,0.665780795549548,-2.5918575466943,0.0095459289764916,2.33511586452763,2.84878779455155e-08,"random"
"140",140,-0.432190273318777,0.665603128121435,1.75875172541698,0.0786196875362149,2.43671497584541,1.78798087446808e-11,"random"
"141",141,1.90828382480636,0.0563545424607106,2.44368565152779,0.0145380875455428,2.72463768115942,3.11972669919669e-14,"random"
"142",142,2.81483559425029,0.00488021932825715,0.210103257642172,0.833587082996714,2.71458773784355,1.78523862359725e-13,"unknown"
"143",143,0.886909918516006,0.375127401207699,-0.952785248817275,0.340698889766493,2.15126050420168,2.40175428989353e-07,"random"
"144",144,2.26445519163783,0.0235461327094578,-0.624964610636973,0.531994285169562,1.86666666666667,6.2594030603158e-07,"unknown"
"145",145,1.96035087369079,0.0499547936161989,-1.65370084797036,0.0981883102834975,2,7.44595318735719e-08,"unknown"
"146",146,2.65245173584391,0.00799095513639084,-1.45942726848961,0.144447545316039,1.63157894736842,0.000323993451101123,"unknown"
"147",147,2.99452951715014,0.00274868459037628,-1.56261283484938,0.118143687557566,1.43954480796586,0.00340191784306221,"unknown"
"148",148,2.38365231447399,0.0171417891286542,-0.837060389503061,0.402558623968592,1.66829268292683,2.99207309463201e-05,"unknown"
"149",149,2.42652381527227,0.0152442497675973,-0.838841354745665,0.401558340664069,2.02840909090909,2.16779993333915e-06,"unknown"
"150",150,1.47476068872313,0.140276893475165,-0.413994211208813,0.678878346290714,1.89075630252101,6.66621915146326e-06,"random"
"151",151,2.41220091976413,0.0158565407426818,0.0806423492983809,0.935726385990301,1.72698412698413,3.35902426662482e-05,"unknown"
"152",152,2.12367216481389,0.033697566511266,-1.37707529283665,0.168488970570779,1.44230769230769,0.00140990699131571,"unknown"
"153",153,2.79203339243189,0.00523779504713789,-1.13768323203796,0.255252777616242,1.68710359408034,3.37798685468016e-06,"unknown"
"154",154,1.67826581876281,0.0932952177175234,-3.12123445264626,0.00180094589991862,1.62926829268293,3.77599963901076e-05,"random"
"155",155,1.29706131595331,0.194610090355378,0.659298103855719,0.509704359785481,1.2,0.0322603657959942,"random"
"156",156,1.12340975358628,0.261263509288842,-0.845308845682057,0.397938423521397,2.75294117647059,1.47409862094605e-11,"random"
"157",157,0.185036166486312,0.853200668595901,0.513527057500769,0.607582688799588,2.98571428571429,1.55542245749984e-13,"random"
"158",158,1.70813606891937,0.087611097631895,-2.46857550864404,0.0135652029332489,1.64102564102564,0.00177008501357612,"random"
"159",159,-0.930591018276281,0.352065162321647,-0.63901942830798,0.522810293068627,1.92857142857143,4.06265888136526e-05,"random"
"160",160,-0.0747479392718959,0.940415264308819,-0.121174890629991,0.903552511919096,2.17741935483871,4.57654456553769e-07,"random"
"161",161,-1.39370435274889,0.163406901273284,0.926906449394146,0.353975108361891,2.49206349206349,7.78962450098675e-10,"random"
"162",162,0.492047456325293,0.622685795623751,0.694695361294876,0.487246235689172,1.42160278745645,0.00139034406776994,"random"
"163",163,-0.549603303295691,0.582591492648478,1.46111435994957,0.143984060024119,1.2094861660079,0.126041228825706,"random"
"164",164,0.649096979112432,0.516275694328082,-1.0652794270559,0.286749499775545,1.14285714285714,0.144972908943277,"random"
"165",165,0.269342678762654,0.787665992317575,1.5499048818074,0.121164347765606,1.61808367071525,0.000225503522756298,"random"
"166",166,0.227260415002757,0.820221252047123,0.901479916595173,0.367333207284518,2.01411290322581,4.07677402580742e-06,"random"
"167",167,0.0245561797702453,0.980408972226574,0.710793846324352,0.47721199450294,2.65116279069767,6.04960526118248e-13,"random"
"168",168,1.09556226966344,0.273270380928603,0.694521120322151,0.487355460428082,1.72051282051282,3.64601767598449e-05,"random"
"169",169,1.68630724411414,0.0917366364847273,0.565701967411976,0.571596397580865,1.8936877076412,4.79035311307108e-07,"random"
"170",170,1.86668557468232,0.0619455093645705,-1.71164272507389,0.0869625295655816,1.14935988620199,0.0845258183571955,"random"
"171",171,0.609842908243286,0.541965874743594,-0.430987567013025,0.66647741071029,2.19556451612903,3.58095703423267e-07,"random"
"172",172,1.20351078415205,0.228778720710439,-0.744365447086605,0.456655416868409,2.27956989247312,3.32394331614694e-07,"random"
"173",173,-0.0704290221461565,0.943852192263535,0.188144542231634,0.85076334487902,2.12307692307692,1.83958456245747e-08,"random"
"174",174,0.620241944459122,0.53509851041532,0.414998204416287,0.678143217584638,2.11612903225806,1.01689602916011e-06,"random"
"175",175,0.0571859968048141,0.95439703283665,0.581078410768765,0.561187608361202,2.89772727272727,8.80318040685779e-12,"random"
"176",176,0.528834191885965,0.596920476457134,-0.521526953176004,0.601999734418045,2.42914979757085,3.07516789810336e-10,"random"
"177",177,0.0309088094510417,0.975342264355173,-0.686073838265245,0.492666547444642,1.60354374307863,3.49922410883829e-05,"random"
"178",178,NA,NA,0.843789215559671,0.398787202932812,2.06818181818182,4.19531791751027e-07,"random"
"179",179,0.958409514793581,0.337856299218118,0.85399788765552,0.393106159790176,1.75294117647059,1.94657784428065e-05,"random"
"180",180,-3.43906739669693,0.0005837218928991,1.33889006078261,0.18060646580066,2.35609756097561,4.01564337337845e-11,"checkerboard"
"181",181,-0.37827457522837,0.705226630687025,-0.0720143758052412,0.942590467317953,1.28528528528529,0.0157341364700099,"random"
"182",182,1.50543519234281,0.132212226954149,1.54303155731122,0.122823119341179,1.93613445378151,2.10728188798637e-06,"random"
"183",183,0.574174115531878,0.565849983431014,0.318822952845358,0.749860772012728,2.46558704453441,8.74830208275057e-11,"random"
"184",184,0.751021962362182,0.452639438440094,0.246283869962848,0.805462495370358,2.64112903225806,1.41712641621439e-09,"random"
"185",185,0.00312922585730593,0.997503243075921,1.05782237689499,0.290136429069278,2.40476190476191,2.45247857799669e-07,"random"
"186",186,1.48442214913149,0.137696962340011,0.619115118477838,0.535840524308462,1.30793650793651,0.0130138829524402,"random"
"187",187,NA,NA,-2.68228542865654,0.00731210425647625,1.36615384615385,0.0146611393385294,"random"
"188",188,-0.58113674430787,0.561148295848731,-0.779584446187101,0.435635513964479,1.57549857549858,0.00186293779264979,"random"
"189",189,0.584116435863039,0.5591419776079,-0.524976722691017,0.599599372642346,1.38138138138138,0.00419145021284029,"random"
"190",190,-1.36765609921706,0.171419747621979,-0.608126396096378,0.543103646587876,1.14,0.137479667759504,"random"
"191",191,NA,NA,0.509565911455459,0.61035561083477,1.41818181818182,0.102028130292609,"random"
"192",192,NA,NA,-0.157652638860064,0.874730522375323,2.13,4.74976741160482e-07,"random"
"193",193,NA,NA,-0.412450967455912,0.680008912576622,2.35930735930736,1.47980760778488e-06,"random"
"194",194,1.20413147000623,0.228538768187038,-0.656986879539203,0.511189352910727,1.93548387096774,2.38100443694655e-06,"random"
"195",195,NA,NA,0.261683786916377,0.793565241247784,3.11111111111111,2.38803421481748e-11,"random"
"196",196,NA,NA,-0.109711752195486,0.912637979779645,2.01754385964912,0.000173398870845554,"random"
"197",197,NA,NA,0.494351113622521,0.621058232789937,2.35862068965517,1.92112974417569e-08,"random"
"198",198,NA,NA,0.243634448784681,0.807513945801497,1.4551282051282,0.000224740388666822,"random"
"199",199,NA,NA,0.0567929840499034,0.954710102836277,1.5,0.0117258755784214,"random"
"200",200,0.325414108055432,0.744867679390354,-0.941263618671177,0.346569781809707,1.32954545454545,0.00826906551695206,"random"
"201",201,NA,NA,0.491933292430965,0.622766501909954,2.23529411764706,1.01410183583894e-08,"random"
"202",202,NA,NA,0.666301197096575,0.505218600586803,2.27513227513228,3.73423015842533e-08,"random"
"203",203,NA,NA,0.408480534810723,0.682920918318545,1.72826086956522,8.481823524642e-05,"random"
"204",204,NA,NA,-0.485383078467143,0.627404633408063,1.70793650793651,4.04377835760972e-06,"random"
"205",205,NA,NA,-0.338292254593685,0.735142959956183,1.34782608695652,0.0117258755784214,"random"
"206",206,NA,NA,-1.91016866317461,0.0561115005347069,1.44565217391304,0.00218749111818284,"random"
"207",207,-1.28541953958172,0.198645716767836,-0.841447340868543,0.400097373795672,1.56666666666667,0.00147718413593567,"random"
"208",208,NA,NA,0.723582730988275,0.469321946450505,1.33538461538462,0.0256227797096357,"random"
"209",209,NA,NA,0.340483321293392,0.73349258099036,1.65161290322581,0.000170280191354455,"random"
"210",210,0.950001483650855,0.342111498747622,0.839164743272928,0.401376868902296,1.83292682926829,1.81844926050445e-06,"random"
"211",211,0.718494354144285,0.472452527818957,1.17474280677896,0.240097627862065,2.33001422475107,1.89706805819867e-10,"random"
"212",212,2.18917420353018,0.0285841808490663,1.16628809031573,0.243497986776164,2.35729386892178,4.99467134318365e-11,"unknown"
"213",213,1.75658987301725,0.0789877403562769,1.82390864528373,0.0681658844613136,2.43843843843844,2.63919774923238e-10,"random"
"214",214,0.197281202495586,0.843607488513494,0.128827296313506,0.897494306167392,1.43205574912892,0.00117526986614069,"random"
"215",215,0.732238402429956,0.464023068730303,0.465708240726131,0.641424352930903,1.72826086956522,0.00171362397569785,"random"
"216",216,0.991474290656111,0.321454040083665,0.92887968422759,0.352951442571697,1.82926829268293,1.35424529246198e-06,"random"
"217",217,-0.350476299116989,0.7259812741634,-0.884942008901122,0.376187909247603,1.26916221033868,0.0262132059696568,"random"
"218",218,0.878387516738848,0.379733456470018,-0.130864796632737,0.895882263355118,2.67567567567568,1.05854214282886e-11,"random"
"219",219,0.662165397157185,0.5078652277959,-1.99361354169866,0.046194304330473,1.93015873015873,1.5309226883975e-06,"random"
"220",220,1.61283857365081,0.10677958330471,1.52966619262047,0.12609937589448,1.76386913229019,9.97999974639008e-06,"random"
"221",221,-1.09529596575416,0.273386994346625,1.40824688122963,0.159057978629891,1.75483870967742,0.000110295646852832,"random"
"222",222,-1.40391555756843,0.160343996348837,0.847606340213577,0.396657242210155,2.51666666666667,3.57756330116032e-08,"random"
"223",223,2.05970047960509,0.0394271835489614,1.81900588242781,0.0689105326373863,1.41109530583215,0.000397990670563675,"unknown"
"224",224,-0.343509501659247,0.73121519393678,0.187895627691188,0.850958470291974,2.03225806451613,1.95447427575601e-06,"random"
"225",225,0.406224003695459,0.684578018612633,0.323179174752889,0.746559551529868,2.46923076923077,4.2097991759249e-11,"random"
"226",226,1.35215391500507,0.17632608282469,-2.8771392136025,0.00401298511435987,1.79310344827586,0.000132641245847331,"random"
"227",227,1.11568321234178,0.264557758979743,-3.92508371319732,8.66995819648763e-05,1.0952380952381,0.206374503551928,"random"
"228",228,0.763607939603257,0.445100916438181,1.25747193319569,0.208582796008064,1.25757575757576,0.0330144390270625,"random"
"229",229,2.45200191779489,0.0142063904789077,2.33982481197876,0.0192927872545259,1.54761904761905,0.00365053852324893,"evenly_spaced_gradients"
"230",230,1.17116851900782,0.241531046554755,4.08533850315933,4.40126043623949e-05,2.97,3.89484922092009e-09,"random"
"231",231,1.13429392076895,0.256671278358865,0.75821584091554,0.448321779518515,1.88115942028985,3.09234887585497e-07,"random"
"232",232,0.813316005352672,0.416036902838149,2.82783173694262,0.00468644316855414,2.49825783972125,6.38544772613159e-12,"random"
"233",233,2.58291390015321,0.00979697690246696,1.49794960681897,0.134146343752399,1.89006342494715,8.45453678954833e-07,"unknown"
"234",234,1.08322031766126,0.278710643509743,1.61293111072155,0.10675947527507,3.94871794871795,0,"random"
"235",235,-0.173060316973217,0.862604016707746,-1.7539199030474,0.0794442326910305,1.85185185185185,0.000279196644519142,"random"
"236",236,-0.180464520159925,0.856787905882266,1.60753502875,0.107937051688954,2.54901960784314,2.22569584984456e-09,"random"
"237",237,0.233612504523798,0.81528581913611,-0.875544346484084,0.381277791881532,1.78378378378378,1.60297831717227e-05,"random"
"238",238,0.496888066965461,0.619267986959755,-0.0811943406832438,0.935287400138423,2.09659090909091,8.44471031102856e-07,"random"
"239",239,2.85239162747146,0.00433916052917097,-0.914105340917069,0.360661496377623,1.35772357723577,0.00210544438423121,"unknown"
"240",240,2.59515759210342,0.0094547556850529,-0.170050511551843,0.864970412615208,1.46341463414634,0.000341454596891722,"unknown"
"241",242,1.6754673264275,0.0938425765492922,-0.738328762812351,0.460314692080975,1.39572192513369,0.00699280095487942,"random"
"242",243,2.18463824206235,0.0289153816454576,-2.63981955155225,0.00829501809355798,1.33333333333333,0.013567956078296,"nested_subsets"
"243",244,-0.388491683543877,0.6976522073133,0.784098450223451,0.432982344725052,1.82365591397849,4.59703581014992e-05,"random"
"244",245,1.57604113133045,0.115016324406281,1.44801431058994,0.147613048384463,1.60782241014799,3.83789902124176e-05,"random"
"245",246,0.568553875632102,0.569658933973195,0.39764776240886,0.690889848230338,1.29279279279279,0.0111287519377034,"random"
"246",247,1.4958445815142,0.134694160697017,0.87451248119857,0.381839226134009,2.17354196301565,1.19404064413686e-08,"random"
"247",248,1.1824890506754,0.23701170754172,-1.44738817770682,0.147788235010647,2.20588235294118,0.000190601393169509,"random"
"248",249,3.4206637584176,0.000624685140327893,-0.117295541155735,0.9066258582842,1.64347826086957,4.39389840856119e-06,"unknown"
"249",250,0.813406761814108,0.415984883790726,0.897886111894589,0.369246269530269,1.95454545454545,1.17087844997421e-06,"random"
"250",251,1.93910336971826,0.0524887524750783,-1.67238949606567,0.0944475420273919,1.58279569892473,0.00093632770351959,"unknown"
"251",252,-0.285203965283722,0.775487882614034,1.39833469238571,0.162012584590117,2.10457516339869,0.000375360821606829,"random"
"252",253,1.07036613106311,0.28445453812621,0.421571200762146,0.673338030825758,2.30837789661319,6.87350976136258e-09,"random"
"253",254,0.65879363388706,0.510028295869181,-0.651209750844847,0.51491109678669,1.31923076923077,0.00520072892715973,"random"
"254",255,-0.36872987740084,0.712329076628278,2.23427064595065,0.0254652705439894,2.0390243902439,2.76563083545511e-08,"random"
"255",256,0.686513443886279,0.492389389602437,1.44259466781372,0.149134686331791,2.56445993031359,8.67750316047022e-13,"random"
"256",257,NA,NA,-0.246829656834343,0.805040057631959,1.275,0.046770622383959,"random"
"257",258,0.686681794487136,0.492283271864167,-1.67898599907711,0.0931547724535266,1.60227272727273,0.00019241647170043,"random"
"258",259,2.23439182264196,0.0254573032862819,2.03562075700526,0.0417884518255238,1.48412698412698,0.000324802397669299,"evenly_spaced_gradients"
"259",260,0.876123792099971,0.380962739852287,1.21663928421899,0.223741489177844,1.89162561576355,1.49808703387988e-05,"random"
"260",261,-0.148783206688383,0.881724702259843,1.39473675443481,0.163095237077043,2.09195402298851,1.30512269991279e-06,"random"
"261",262,-1.05451426679916,0.29164753229373,1.1555498040639,0.247865349916298,1.18518518518519,0.0499980524450142,"random"
"262",263,-0.492677347247369,0.622240586135139,2.41565221914369,0.0157070556949611,2.35828877005348,3.21364412858571e-09,"random"
"263",264,0.554757670929183,0.57906042359837,1.71260766169164,0.0867847428150296,1.46096096096096,0.000944273692366271,"random"
"264",265,1.65514618084887,0.0978948491648164,2.73327530170417,0.00627078938358141,2.91379310344828,5.46203082762986e-11,"random"
"265",266,1.16415866118612,0.24435971950718,1.27213464857572,0.20332528227642,1.87096774193548,8.83345796720558e-06,"random"
"266",268,1.93268357608575,0.0532751896564954,2.6761423092754,0.007447501475163,1.36557610241821,0.00152685992080426,"evenly_spaced_gradients"
"267",269,1.03632324243389,0.300051366439009,2.31646213532279,0.0205330495504257,1.73423423423423,1.34801577669208e-05,"random"
"268",270,0.494337135292225,0.621068103076484,1.3967515596688,0.162488293554352,1.79679144385027,8.19436571541932e-06,"random"
"269",271,1.71702357270078,0.0859748650252614,2.07450949202594,0.0380320181334573,1.04575163398693,0.310868034689514,"random"
"270",272,0.656471368224915,0.511520883911323,0.710187012303766,0.477588173703149,3.58102766798419,5.2012838480664e-12,"random"
"271",273,0.919712354019003,0.357723095026686,-1.18218328140367,0.237132984888848,1.29230769230769,0.0233151690658848,"random"
"272",274,-0.926646621635597,0.354110040263405,2.01290038750816,0.0441251098080559,1.79354838709677,2.53053470274933e-05,"random"
"273",275,0.400470779338369,0.688809801492477,-0.0843984060853636,0.932739674526054,2.52813852813853,1.87795554063008e-06,"random"
"274",276,-0.405952793619324,0.684777286175825,1.01976978507646,0.307837656193005,1.61111111111111,0.000122422531012356,"random"
"275",279,0.667073336612685,0.504725290511803,2.05818280928165,0.0395725881729953,1.91428571428571,5.98948029506552e-07,"random"
"276",280,-1.97567004035172,0.048192160238582,2.33449350759294,0.019569895629597,2.54545454545455,9.15390491185164e-07,"checkerboard"
"277",281,0.97028505718248,0.331904423506438,1.48807940850886,0.136729953173974,2.29239766081871,8.49639800560853e-05,"random"
"278",282,-0.626724259289731,0.530839999020093,0.420388257527072,0.674201844864031,2.64387464387464,1.62403764880636e-08,"random"
"279",285,-0.952130825569436,0.341030637486139,-0.431615617311616,0.666020805859008,1.96969696969697,7.50306653274357e-06,"random"
"280",286,-0.699209377467659,0.484421191040412,1.99283203234955,0.0462798428928723,2.83333333333333,1.10450537604834e-11,"random"
"281",287,-0.410151462074363,0.681694843971979,1.70949549068511,0.0873592062862089,1.96781609195402,1.0866337489368e-05,"random"
"282",288,1.10080310963391,0.270982358083111,0.951477189306191,0.34136219266098,2.23188405797101,9.68112698673806e-06,"random"
"283",289,-0.270863429842245,0.786496072666476,0.452522713612491,0.650892462051991,2.57183499288762,1.39785960584504e-11,"random"
"284",290,0.293127006800668,0.769425074527788,1.81778367161667,0.0690972032523507,2.65969802555168,6.22168982999938e-13,"random"
"285",291,0.14147700015313,0.887493128495074,1.15181458742784,0.24939727221918,1.39473684210526,0.0214837703764402,"random"
"286",292,0.595157896207289,0.551737931296754,1.99821619647134,0.0456932263497202,1.44487179487179,0.000687341789278539,"random"
"287",293,2.40629716780589,0.016115150061184,1.07645106346277,0.281725575652042,1.87766714082504,4.10051076649154e-06,"unknown"
"288",294,0.862199188908321,0.388577915960517,0.694334245744388,0.487472619362615,2.50472334682861,2.19790852185042e-11,"random"
"289",295,-0.784041673700391,0.433015657755666,1.52298145399257,0.12776334541919,1.89655172413793,8.56686061319056e-05,"random"
"290",296,1.63377721593733,0.102305638075805,1.91099941131209,0.056004656547481,1.84873949579832,2.68932042483128e-05,"random"
"291",297,1.35477268728335,0.175489991102892,0.632749547719308,0.526897208205643,3.20487804878049,2.22044604925031e-16,"random"
"292",298,2.30339846399745,0.021256434098146,1.53411686698523,0.125000904516837,1.95967741935484,2.66079930949514e-05,"unknown"
"293",299,1.30312382258515,0.192532491749718,1.70162419693945,0.0888258385909411,2.99365750528541,7.7715611723761e-16,"random"
"294",300,3.65546655829737,0.000256714673070731,1.40010904642831,0.161480666469383,2.01993355481728,1.26387588839094e-07,"unknown"
"295",301,3.34013320350318,0.000837382153105007,1.53934413143555,0.123720305467853,1.69230769230769,5.65934518568234e-05,"unknown"
"296",302,2.93004985225633,0.00338907628036088,2.01215815776121,0.0442032676587075,2.87073170731707,5.6399329650958e-14,"evenly_spaced_gradients"
"297",303,0.473613092064586,0.635775837744559,2.78982981226842,0.00527357540501467,2.18623481781377,1.04211684837097e-08,"random"
"298",304,0.189784995240547,0.849477614267617,1.25057658141479,0.211088999092242,2.42926829268293,2.20682361273816e-11,"random"
"299",305,-3.00615438033535,0.00264574634379516,0.725450909960467,0.468175450362219,1.99384615384615,4.33716215072488e-05,"checkerboard"
"300",306,0.730171700369102,0.465285238501267,2.46633594155229,0.0136503243523007,2.00403225806452,1.66479497443195e-06,"random"
"301",307,1.20473791130666,0.228304495648599,0.657674934874858,0.510747031876684,1.16666666666667,0.119287154963701,"random"
"302",308,-1.97054207918474,0.0487762773415786,0.664544712544242,0.506341741468892,2.24,1.68003280642814e-06,"checkerboard"
"303",309,1.20635328210907,0.227681301308766,-0.341813379249266,0.732491340220335,1.57142857142857,0.0038900938364278,"random"
"304",310,1.29434573346995,0.195546026072658,0.0201422986234758,0.983929857558719,0.989473684210526,0.576500082944541,"random"
"305",311,-0.0981392302850257,0.921821736602489,0.843078903206278,0.399184316753934,2.11764705882353,0.000355502108745132,"random"
"306",312,1.13629763468451,0.255832020382872,1.45458861814274,0.145783183872825,1.10588235294118,0.142539218889027,"random"
"307",313,-0.662053299999888,0.507937063399387,1.71847171920795,0.0857106085636675,1.92688172043011,7.3317512985227e-06,"random"
"308",314,2.09166938467345,0.0364681010101037,1.57443899857346,0.115385993834266,1.30084033613445,0.00942905703415542,"unknown"
"309",315,-0.128675065509889,0.897614766201063,1.34402781091526,0.17893939386655,2.50975609756098,9.30144850030956e-13,"random"
"310",316,0.442661545166676,0.658010561194336,2.22586779630307,0.02602303800668,1.75,5.88735558360032e-06,"random"
"311",317,1.32181437988457,0.186229968728143,1.04490340029067,0.29606761809594,1.16477272727273,0.054632598945177,"random"
"312",319,0.498553959570907,0.618093646668122,0.162457708102108,0.870945429844051,2.87931034482759,8.57636184292687e-11,"random"
"313",320,2.37652511375646,0.0174765716754942,0.141350627872677,0.887592955812818,2.47394957983193,5.67298652498494e-10,"unknown"
"314",321,2.62913384635213,0.00856026611966856,-0.123529343882491,0.90168793917445,1.37967914438503,0.00359785711653893,"unknown"
"315",322,-1.77800530810712,0.0754029830945297,1.30549722844691,0.191723590282831,1.51724137931035,0.000785944213820833,"random"
"316",323,2.11260285666909,0.034634774017214,-0.445055824442664,0.656279412027135,1.52116402116402,0.00119505373682449,"unknown"
"317",324,0.835067825543796,0.403679520940761,1.05553344572659,0.291181421391877,2.31764705882353,3.2487829093597e-09,"random"
"318",325,-0.482415318098583,0.629510941578912,0.376148559458821,0.706806455400299,1.26451612903226,0.0303652065001512,"random"
"319",326,2.19704085582828,0.0280175284697069,1.77184854378276,0.076419701930746,1.73170731707317,2.75662633375529e-06,"unknown"
"320",327,0.71197672923059,0.476479186317454,2.03595275591885,0.0417550995333953,1.90975609756098,7.82475256810855e-08,"random"
"321",328,0.690927877302891,0.489610866187938,0.655251772836956,0.512305665812037,2.6474358974359,3.63375995959814e-13,"random"
"322",329,0.853053247395319,0.393629776458722,3.18641519813795,0.00144047709727712,3.09407665505226,1.11022302462516e-16,"random"
"323",330,0.526043388404898,0.598858060997158,1.08653007497935,0.277244542502138,1.8780487804878,1.34024168307878e-06,"random"
"324",331,0.727937361288091,0.466651931246291,2.12824698841067,0.0333166108190871,2.46842105263158,7.03320453554479e-06,"random"
"325",332,-0.255858917667299,0.79805977786725,1.93280067561516,0.0532607570954411,4.44827586206897,0,"random"
"326",333,-0.0585152099705172,0.953338247449165,2.40058091489939,0.0163690713471354,2.23193277310924,2.38898104631957e-08,"random"
"327",334,0.606945642284237,0.543886986675355,2.84596691395012,0.00442767950554853,2.46246246246246,1.77412196045168e-10,"random"
"328",335,1.70882522567098,0.08748332857704,2.20514140928592,0.0274441730867886,1.58139534883721,1.91900928739885e-05,"random"
"329",336,1.00435825810531,0.315205962197658,3.7751746529136,0.000159895593641261,2.29500580720093,1.44488199183002e-10,"random"
"330",338,1.74680058766468,0.0806719346282631,2.8897509560962,0.00385547133464041,1.8671096345515,7.72213464284022e-08,"random"
"331",340,NA,NA,1.02967459184249,0.303162786723324,1.37298387096774,0.00113485544204184,"random"
"332",341,2.01938853457083,0.0434468522861869,2.61479765966522,0.00892803287024911,1.48076923076923,0.000142051386147535,"evenly_spaced_gradients"
"333",342,1.78817525789085,0.0737477367719693,4.54288078209937,5.54906370927585e-06,2.74390243902439,1.38111744263369e-13,"random"
"334",343,1.75190923350653,0.0797894165864284,3.23579820849511,0.00121303104695216,2.1046511627907,1.07359506840154e-08,"random"
"335",345,-0.590565632248229,0.554811498005138,0.758161903738181,0.448354064541929,2.35294117647059,2.20305127474063e-08,"random"
"336",346,2.25281684836488,0.0242706994231855,-0.788995636999936,0.430114556574551,2.83499446290144,9.99200722162641e-15,"unknown"
"337",347,0.732758886941386,0.463705500834537,1.23896427298155,0.215358729264125,2.63076923076923,7.0392548567888e-08,"random"
"338",348,0.722024144549704,0.470279633213273,2.82024024510853,0.00479877071903579,4.84033613445378,0,"random"
"339",349,1.92755319750819,0.0539107251084245,1.45042871032348,0.146939005726905,1.76923076923077,1.15205648791861e-05,"unknown"
"340",350,1.21507439372866,0.224337718818528,2.29668025742365,0.0216370164954787,2.34817813765182,3.5611943394187e-09,"random"
"341",352,1.73334861158279,0.0830337254322844,3.01944317781648,0.00253239791680356,1.75396825396825,0.000132619070123297,"random"
"342",353,-0.490138923390864,0.624035596552496,0.97807488591651,0.328037287882025,2.16666666666667,7.1908840528434e-05,"random"
"343",354,1.36394252739277,0.172585654746697,2.58844291162248,0.00964109264369889,2.2094861660079,0.000122047836939365,"random"
"344",355,1.22291997868151,0.221359921802165,2.23314591377242,0.0255393236689403,2.37737843551797,1.88643434206881e-10,"random"
"345",356,-1.25689730097907,0.208790826005449,0.124964952801136,0.900551296404809,3.70310391363023,0,"random"
"346",357,0.950978376546852,0.341615352810979,1.28023447754933,0.200462683734471,1.98671096345515,3.43681711645338e-07,"random"
"347",358,0.202338487927849,0.839652113168576,2.1528875505179,0.031327517144339,2.8,2.38697950294409e-14,"random"
"348",359,1.16482972593082,0.244087923744214,1.80768392046776,0.0706557085827499,2.54545454545455,1.39713796087904e-11,"random"
"349",360,1.19524298006991,0.23199211050024,0.322759511268011,0.746877378528781,1.99756097560976,9.39691361168116e-07,"random"
"350",361,0.00266144622738646,0.997876475652687,2.09365443215124,0.0362907749151645,1.7906976744186,9.66212133757249e-06,"random"
"351",362,2.25275554397449,0.0242745666485386,3.37198195383224,0.000746293381910309,2.34747474747475,3.03391534117736e-10,"evenly_spaced_gradients"
"352",363,1.4740367086857,0.140471707762283,0.600149941767665,0.548406311423453,2.90512820512821,7.17204073907851e-14,"random"
"353",364,1.51057162256605,0.130897628529409,1.72743410673624,0.0840897296809134,1.90769230769231,4.35448166524743e-07,"random"
"354",365,0.110618245386674,0.911919078555264,2.57371613030889,0.0100612784618539,2.19327731092437,7.68084854607665e-08,"random"
"355",366,-0.599849373523831,0.548606624931504,-0.761115574165844,0.446588038944814,3.39130434782609,1.19806276011047e-10,"random"
"356",367,0.926057347363485,0.354416178385103,0.774100747750848,0.438871215332852,1.78378378378378,2.53885385264052e-05,"random"
"357",368,-1.92376628008821,0.0543838858534419,-2.78078881334351,0.0054227000690218,2.10526315789474,0.000146007825062577,"checkerboard"
"358",369,-0.422417193939047,0.672720530024558,0.455384574893428,0.648832590491586,2.23885918003565,3.75421754794658e-08,"random"
"359",370,0.318537996297448,0.750076877515468,0.519323738289183,0.603535002229026,1.84126984126984,1.45046355631839e-05,"random"
"360",371,2.1030130673171,0.0354646272354375,-2.33639725608949,0.0194705468317542,1.19028340080972,0.0548105989305088,"nested_subsets"
"361",372,-0.300952253942032,0.763450903371856,0.965644338865619,0.33422218054984,2.73949579831933,3.51759732453161e-11,"random"
"362",373,0.474554410607228,0.635104607298726,2.11316641501184,0.0345865267679771,2.67206477732794,4.83013629093421e-12,"random"
"363",374,-0.00325166442253761,0.997405551732335,3.46293616353888,0.000534315145098688,1.38095238095238,0.0550267800986823,"random"
"364",375,0.644808953026311,0.519050999294589,1.68088677059181,0.092784910093602,2.71692745376956,4.85678164352521e-12,"random"
"365",376,-4.2598051280726,2.04605210661023e-05,1.23485515891272,0.216884414505481,3.25378151260504,2.55351295663786e-15,"checkerboard"
"366",377,-1.24288515130973,0.213910158175263,-1.1820385972603,0.237190386280974,1.79233870967742,3.07197882782884e-05,"random"
"367",378,0.0189189974870862,0.984905724449705,-1.13025753372211,0.258367723001009,1.1965811965812,0.0721474868144129,"random"
"368",379,NA,NA,0.453123428895724,0.650459865582486,1.19117647058824,0.15302340553247,"random"
"369",380,NA,NA,0.289475791471368,0.772217302868706,2.2,2.31875858031083e-05,"random"
"370",381,NA,NA,0.07144838314195,0.943040903791735,1.59473684210526,0.00129402210546581,"random"
"371",382,NA,NA,0.115354921646332,0.908163807682664,1.80237154150198,0.000393359463652598,"random"
"372",383,NA,NA,-0.846057525833593,0.397520653758762,1.12280701754386,0.157014709937969,"random"
"373",384,NA,NA,1.79100085263263,0.0732931581765835,1.79310344827586,1.397642311185e-05,"random"
"374",385,NA,NA,1.29249990806797,0.196184077747444,1.33333333333333,0.0534272225953029,"random"
"375",386,NA,NA,2.68577944023345,0.00723608379358268,2.65546218487395,2.52631249253454e-12,"random"
"376",387,-0.12125376413934,0.903490040596542,2.79376429916646,0.00520984362194637,3.1344696969697,7.43849426498855e-15,"random"
"377",388,NA,NA,0.934603319397126,0.349992767737468,1.57041251778094,2.37472957490548e-05,"random"
"378",389,NA,NA,0.695468063138582,0.486762018956066,1.42857142857143,0.00506341417175749,"random"
"379",390,NA,NA,0.459915032606532,0.645577209637635,2,6.334248366624e-05,"random"
"380",391,NA,NA,-0.907414782948096,0.364187494876361,1.29411764705882,0.0301973834223185,"random"
"381",392,0.816193102506475,0.414389701164204,1.74038969219943,0.0817906142653065,1.5327731092437,9.96766127562276e-05,"random"
"382",393,NA,NA,2.71707385202496,0.00658619096829024,2.02539682539683,1.83232915507148e-08,"random"
"383",394,NA,NA,2.58715840784378,0.00967710926987431,2.60840336134454,1.83453252589061e-12,"random"
"384",395,NA,NA,2.70988019396063,0.00673075155174696,1.96761133603239,3.81389297920975e-09,"random"
"385",396,NA,NA,2.60701400811403,0.00913356236544568,1.39541160593792,6.24904139555627e-05,"random"
"386",397,NA,NA,2.77476363508465,0.00552418403087026,0,0,"random"
"387",398,NA,NA,2.74467016984706,0.00605717416132105,1.33333333333333,0.0969719678644051,"random"
"388",399,0.485853192703287,0.627071257110629,1.49983926504574,0.133656043566842,1.92799070847851,1.63067711556053e-08,"random"
"389",401,1.41637208019012,0.1566665939455,-0.0773724541542342,0.938327253477361,1.52615384615385,0.00524679083159652,"random"
"390",402,2.12808151550322,0.0333303256060339,1.36427555559169,0.17248085628633,1.80255516840883,1.31273747794314e-06,"unknown"
"391",403,-0.8038260058332,0.421497468440855,0.351078715593109,0.725529295383697,2.0952380952381,3.16259834987065e-08,"random"
"392",404,-1.40915652434508,0.158788890006766,2.43767122615173,0.0147822116179684,1.95121951219512,1.33810632352294e-07,"random"
"393",406,0.140890323876052,0.887956586325767,2.62515807364849,0.00866087484490773,1.65576102418208,2.0587671108574e-05,"random"
"394",407,-1.50413721469019,0.132546039854458,1.23476090848384,0.216919500028098,2.14942528735632,1.53780202349907e-07,"random"
"395",408,-0.816389592065077,0.414277347438686,1.16525991303902,0.243913800354566,1.26132404181185,0.00770895678292638,"random"
"396",409,-0.0222877959094804,0.982218383919009,3.3979066812272,0.000679035784750679,1.23320158102767,0.0716226771846947,"random"
"397",410,0.592421220129179,0.553568560069378,2.55869775758449,0.0105065043098869,1.98181818181818,3.23320004103067e-09,"random"
"398",411,0.276907840906206,0.78185087176418,-1.36811956562663,0.171274653303212,2.34659090909091,7.15001269302462e-09,"random"
"399",412,-0.598405664442878,0.549569287092909,-1.01854631469465,0.308418402352881,1.03448275862069,0.306218918413278,"random"
"400",413,1.71150734790805,0.0869874959126318,0.19504223927372,0.84535988040083,1.86290322580645,6.65833767010682e-06,"random"
"401",414,0.107419774436579,0.914455967540599,0.119385103216164,0.904970262796182,1.11680911680912,0.171505823748555,"random"
"402",415,-0.0537941548585894,0.957099166525404,0.0598841396354631,0.952247911960306,1.91612903225806,2.1821852074666e-05,"random"
"403",416,0.992795521664291,0.320809612810886,1.32317544691063,0.185777039195509,2.10909090909091,1.03475428225863e-09,"random"
"404",417,1.53112887883751,0.125737543770915,1.87012980858924,0.061465793966214,1.26923076923077,0.00842650245045684,"random"
"405",418,0.00819695145883316,0.993459852224198,0.675637833370239,0.499270614731389,1.45287356321839,0.00106479331394382,"random"
"406",419,1.76265054984144,0.0779594457659681,1.89384852430897,0.058245118704328,1.40890688259109,0.000340543692794681,"random"
"407",420,-1.09451433016116,0.273729465917406,0.89708374190775,0.369674233443369,2.02758620689655,1.64945064784483e-06,"random"
"408",421,-0.23174210116959,0.816738329363418,-1.299072918206,0.193918906080496,1.76470588235294,0.00193294950560108,"random"
"409",422,-0.26625953986743,0.790039331170614,1.78642830304641,0.0740299363548961,1.69354838709677,0.000178427904934053,"random"
"410",423,-0.650423348371721,0.515418799596119,2.66365779900332,0.00772961491901143,2.76521739130435,1.55431223447522e-15,"random"
"411",424,1.57602702252342,0.115019575742826,1.88181902222225,0.0598605921492996,1.98449612403101,1.59406946531604e-08,"random"
"412",425,0.734125185707329,0.462872444945811,2.22931002627147,0.0257932839974188,1.45584045584046,0.0066132885979151,"random"
"413",426,1.76768898222484,0.0771129129127011,1.59046158340908,0.111730798429665,1.89473684210526,1.35424529246198e-06,"random"
"414",427,1.10118179596545,0.270817542907344,0.992726831992874,0.320843095217156,3.02439024390244,3.33066907387547e-16,"random"
"415",428,0.214018925477503,0.830532298702758,0.843381143243413,0.399015314553215,2.53658536585366,3.01836333704841e-12,"random"
"416",429,0.722405070087635,0.470045470649185,2.16352687802801,0.0305006787479721,2.22439024390244,2.12015627276685e-10,"random"
"417",430,2.81757090623304,0.00483884290576577,1.57414396258706,0.115454170963252,1.87053140096618,8.08650747474715e-08,"unknown"
"418",431,3.40455142004431,0.000662728217844066,0.946257419876084,0.344017305578175,2.09625668449198,3.08385558644986e-07,"unknown"
"419",432,1.11435798094581,0.265125642064777,-1.12603032231235,0.260152684817556,1.75201612903226,0.000241325218162114,"random"
"420",434,-0.573808508178915,0.566097390635911,-2.20614130697862,0.0273741072816086,1.68275862068966,0.00118501828025619,"random"
"421",435,-0.84527959262993,0.397954752337455,0.489480113660072,0.624501830117056,1.40350877192982,0.0756718729501272,"random"
"422",436,2.41512848861494,0.0157296597816244,2.43639966871024,0.0148342840594272,2.28571428571429,5.08137977250911e-08,"evenly_spaced_gradients"
"423",437,0.866799569409351,0.386051838082607,1.14495933825435,0.252226001588944,1.98029556650246,6.5710793992757e-05,"random"
"424",438,3.07937194731788,0.00207437523727156,3.65766276282055,0.000254525629970632,1.11111111111111,0.232993477456258,"Gleasonian"
"425",439,1.140705491333,0.253992500630871,1.94290062190313,0.0520281667886017,1.65120967741935,0.00129450683096777,"random"
"426",440,0.724014271777366,0.469056973289133,1.26232145719164,0.206833138714368,2.34234234234234,1.23757619707732e-08,"random"
"427",441,-0.707194961003583,0.479445329563577,2.86949461776752,0.0041112832948121,2.72727272727273,1.39777078800307e-13,"random"
"428",442,1.82642349286788,0.0677864958081251,1.58602299722993,0.112734092852774,2.07246376811594,2.02314806019288e-08,"random"
"429",443,0.316168372220151,0.75187471265455,1.0218556315294,0.306849234534322,1.40909090909091,0.0123553324290948,"random"
"430",444,1.35705174457755,0.174764769672712,0.944506813724005,0.344910721597917,1.9719806763285,1.33348042385961e-07,"random"
"431",446,0.560341224131286,0.57524671383245,1.39731246904049,0.162319627832329,2.11711711711712,1.51186840158246e-07,"random"
"432",447,-0.667432886587728,0.504495665299744,1.96083211672406,0.0498986102027796,2.2262156448203,3.06174430253492e-09,"random"
"433",449,0.312011404504239,0.755031856155619,0.999315172089362,0.317642037955994,2.52361673414305,6.15903994471978e-11,"random"
"434",450,0.564722649295256,0.572262426221533,1.76768775807164,0.0771131176754895,3.67317073170732,0,"random"
"435",451,2.66350349167945,0.00773316093228055,3.40642111562151,0.000658205682586096,4.35121951219512,0,"evenly_spaced_gradients"
